FIle path,File name,Class,Method,Field
src/API/elements/eoiBoundingBox.ts,eoiBoundingBox.ts,EOIBoundingBox,constructor,
src/API/elements/eoiBoundingBox.ts,eoiBoundingBox.ts,EOIBoundingBox,fromJsonObj,
src/API/elements/eoiBoundingBox.ts,eoiBoundingBox.ts,EOIBoundingBox,,right
src/API/elements/eoiBoundingBox.ts,eoiBoundingBox.ts,EOIBoundingBox,,bottom
src/API/elements/eoiBoundingBox.ts,eoiBoundingBox.ts,EOIBoundingBox,,top
src/API/elements/eoiBoundingBox.ts,eoiBoundingBox.ts,EOIBoundingBox,,left
src/API/elements/eoiBoundingBox.ts,eoiBoundingBox.ts,EOIBoundingBox,,width
src/API/elements/eoiBoundingBox.ts,eoiBoundingBox.ts,EOIBoundingBox,,height
src/API/elements/eoiDetection.ts,eoiDetection.ts,EOIDetection,constructor,
src/API/elements/eoiDetection.ts,eoiDetection.ts,EOIDetection,parseSuperClassFields,
src/API/elements/eoiDetection.ts,eoiDetection.ts,EOIDetection,getDetectedObjects,
src/API/elements/eoiDetection.ts,eoiDetection.ts,EOIDetection,getObjectByDescription,
src/API/elements/eoiDetection.ts,eoiDetection.ts,EOIDetection,,region
src/API/elements/eoiDetection.ts,eoiDetection.ts,EOIDetection,,class_name
src/API/elements/eoiDetectionCondition.ts,eoiDetectionCondition.ts,EOIDetectionCondition,constructor,
src/API/elements/eoiDetectionCondition.ts,eoiDetectionCondition.ts,EOIDetectionCondition,fromJsonObj,
src/API/elements/eoiDetectionCondition.ts,eoiDetectionCondition.ts,EOIDetectionCondition,getMaxConfidenceDescription,
src/API/elements/eoiDetectionCondition.ts,eoiDetectionCondition.ts,EOIDetectionCondition,,type
src/API/elements/eoiDetectionCondition.ts,eoiDetectionCondition.ts,EOIDetectionCondition,,count
src/API/elements/eoiDetectionCondition.ts,eoiDetectionCondition.ts,EOIDetectionCondition,,line_name
src/API/elements/eoiDetectionCondition.ts,eoiDetectionCondition.ts,EOIDetectionCondition,,alert_direction
src/API/elements/eoiDetectionCondition.ts,eoiDetectionCondition.ts,EOIDetectionCondition,,objects
src/API/elements/eoiDetectionConfig.ts,eoiDetectionConfig.ts,EOIDetectionConfig,constructor,
src/API/elements/eoiDetectionConfig.ts,eoiDetectionConfig.ts,EOIDetectionConfig,fromJsonObj,
src/API/elements/eoiDetectionConfig.ts,eoiDetectionConfig.ts,EOIDetectionConfig,default,
src/API/elements/eoiDetectionConfig.ts,eoiDetectionConfig.ts,EOIDetectionConfig,,class_name
src/API/elements/eoiDetectionConfig.ts,eoiDetectionConfig.ts,EOIDetectionConfig,,class_threshold
src/API/elements/eoiDetectionConfig.ts,eoiDetectionConfig.ts,EOIDetectionConfig,,object_size
src/API/elements/eoiDetectionConfig.ts,eoiDetectionConfig.ts,EOIDetectionConfig,,min_contour_area
src/API/elements/eoiDetectionConfig.ts,eoiDetectionConfig.ts,EOIDetectionConfig,,max_bounding_box_area
src/API/elements/eoiDetectionConfig.ts,eoiDetectionConfig.ts,EOIDetectionConfig,,object_descriptions
src/API/elements/eoiDetectionConfig.ts,eoiDetectionConfig.ts,EOIDetectionConfig,,conditions
src/API/elements/eoiDetectionConfig.ts,eoiDetectionConfig.ts,EOIDetectionConfig,,alert_seconds
src/API/elements/eoiDetectionConfig.ts,eoiDetectionConfig.ts,EOIDetectionConfig,,reset_seconds
src/API/elements/eoiDetectionConfig.ts,eoiDetectionConfig.ts,EOIDetectionConfig,,objects
src/API/elements/eoiDetectionConfig.ts,eoiDetectionConfig.ts,EOIDetectionConfig,,face_recognition
src/API/elements/eoiDetectionObject.ts,eoiDetectionObject.ts,EOIDetectionObject,constructor,
src/API/elements/eoiDetectionObject.ts,eoiDetectionObject.ts,EOIDetectionObject,fromJsonObj,
src/API/elements/eoiDetectionObject.ts,eoiDetectionObject.ts,EOIDetectionObject,getConfidenceForDescription,
src/API/elements/eoiDetectionObject.ts,eoiDetectionObject.ts,EOIDetectionObject,getMaxConfidenceDescription,
src/API/elements/eoiDetectionObject.ts,eoiDetectionObject.ts,EOIDetectionObject,,object_descriptions
src/API/elements/eoiDetectionObject.ts,eoiDetectionObject.ts,EOIDetectionObject,,detection_type
src/API/elements/eoiDetectionObject.ts,eoiDetectionObject.ts,EOIDetectionObject,,detection_types
src/API/elements/eoiDetectionObject.ts,eoiDetectionObject.ts,EOIDetectionObject,,class_confidence
src/API/elements/eoiDetectionObject.ts,eoiDetectionObject.ts,EOIDetectionObject,,class_name
src/API/elements/eoiDetectionObject.ts,eoiDetectionObject.ts,EOIDetectionObject,,bounds
src/API/elements/eoiDetectionObject.ts,eoiDetectionObject.ts,EOIDetectionObject,,image
src/API/elements/eoiDetectionObject.ts,eoiDetectionObject.ts,EOIDetectionObject,,face
src/API/elements/eoiDetectionObject.ts,eoiDetectionObject.ts,EOIDetectionObject,,similarity
src/API/elements/eoiEffects.ts,eoiEffects.ts,EOIEffects,constructor,
src/API/elements/eoiEffects.ts,eoiEffects.ts,EOIEffects,fromJsonObj,
src/API/elements/eoiEffects.ts,eoiEffects.ts,EOIEffects,,show_motion
src/API/elements/eoiEffects.ts,eoiEffects.ts,EOIEffects,,show_bounding_boxes
src/API/elements/eoiEffects.ts,eoiEffects.ts,EOIEffects,,show_lines
src/API/elements/eoiEffects.ts,eoiEffects.ts,EOIEffects,,show_regions
src/API/elements/eoiEffects.ts,eoiEffects.ts,EOIEffects,,show_preliminary_detections
src/API/elements/eoiEffects.ts,eoiEffects.ts,EOIEffects,,show_validated_detections
src/API/elements/eoiEffects.ts,eoiEffects.ts,EOIEffects,,show_confidence_levels
src/API/elements/eoiEffects.ts,eoiEffects.ts,EOIEffects,,show_object_count
src/API/elements/eoiEffects.ts,eoiEffects.ts,EOIEffects,,show_frame_number
src/API/elements/eoiEffects.ts,eoiEffects.ts,EOIEffects,,show_track_id
src/API/elements/eoiEffects.ts,eoiEffects.ts,EOIEffects,,show_alert_text
src/API/elements/eoiEffects.ts,eoiEffects.ts,EOIEffects,,font_scale
src/API/elements/eoiFaceDetectionObject.ts,eoiFaceDetectionObject.ts,EOIFaceDetectionObject,constructor,
src/API/elements/eoiFaceDetectionObject.ts,eoiFaceDetectionObject.ts,EOIFaceDetectionObject,fromJsonObj,
src/API/elements/eoiFaceDetectionObject.ts,eoiFaceDetectionObject.ts,EOIFaceDetectionObject,,person_external_id
src/API/elements/eoiFaceDetectionObject.ts,eoiFaceDetectionObject.ts,EOIFaceDetectionObject,,person_display_name
src/API/elements/eoiFaceDetectionObject.ts,eoiFaceDetectionObject.ts,EOIFaceDetectionObject,,confidence
src/API/elements/eoiFaceDetectionObject.ts,eoiFaceDetectionObject.ts,EOIFaceDetectionObject,,face_quality
src/API/elements/eoiFaceDetectionObject.ts,eoiFaceDetectionObject.ts,EOIFaceDetectionObject,,group_external_id
src/API/elements/eoiFaceDetectionObject.ts,eoiFaceDetectionObject.ts,EOIFaceDetectionObject,,group_display_name
src/API/elements/eoiFaceDetectionObject.ts,eoiFaceDetectionObject.ts,EOIFaceDetectionObject,,image
src/API/elements/eoiFaceRecognitionConfig.ts,eoiFaceRecognitionConfig.ts,EOIFaceRecognitionConfig,fromJsonObj,
src/API/elements/eoiFaceRecognitionConfig.ts,eoiFaceRecognitionConfig.ts,EOIFaceRecognitionConfig,default,
src/API/elements/eoiFaceRecognitionConfig.ts,eoiFaceRecognitionConfig.ts,EOIFaceRecognitionConfig,,match_type
src/API/elements/eoiFaceRecognitionConfig.ts,eoiFaceRecognitionConfig.ts,EOIFaceRecognitionConfig,,match_threshold
src/API/elements/eoiFaceRecognitionConfig.ts,eoiFaceRecognitionConfig.ts,EOIFaceRecognitionConfig,,person
src/API/elements/eoiFaceRecognitionConfig.ts,eoiFaceRecognitionConfig.ts,EOIFaceRecognitionConfig,,group
src/API/elements/eoiImageDetection.ts,eoiImageDetection.ts,EOIImageDetection,constructor,
src/API/elements/eoiImageDetection.ts,eoiImageDetection.ts,EOIImageDetection,fromJsonObj,
src/API/elements/eoiImageDetection.ts,eoiImageDetection.ts,EOIImageDetection,getDetectedObjects,
src/API/elements/eoiImageDetection.ts,eoiImageDetection.ts,EOIImageDetection,getMaxConfidenceForDescription,
src/API/elements/eoiImageDetection.ts,eoiImageDetection.ts,EOIImageDetection,getMaxConfidenceDescription,
src/API/elements/eoiImageDetection.ts,eoiImageDetection.ts,EOIImageDetection,,objects
src/API/elements/eoiImageRecording.ts,eoiImageRecording.ts,EOIImageRecording,constructor,
src/API/elements/eoiImageRecording.ts,eoiImageRecording.ts,EOIImageRecording,fromJsonObj,
src/API/elements/eoiImageRecording.ts,eoiImageRecording.ts,EOIImageRecording,noImageRecording,
src/API/elements/eoiImageRecording.ts,eoiImageRecording.ts,EOIImageRecording,,enabled
src/API/elements/eoiImageRecording.ts,eoiImageRecording.ts,EOIImageRecording,,record_full_frame
src/API/elements/eoiImageRecording.ts,eoiImageRecording.ts,EOIImageRecording,,record_object_bounds
src/API/elements/eoiImageRecording.ts,eoiImageRecording.ts,EOIImageRecording,,record_all_frames
src/API/elements/eoiImageRecording.ts,eoiImageRecording.ts,EOIImageRecording,,frame_record_interval
src/API/elements/eoiLastDetectionInfo.ts,eoiLastDetectionInfo.ts,EOILastDetectionInfo,constructor,
src/API/elements/eoiLastDetectionInfo.ts,eoiLastDetectionInfo.ts,EOILastDetectionInfo,fromJsonObj,
src/API/elements/eoiLastDetectionInfo.ts,eoiLastDetectionInfo.ts,EOILastDetectionInfo,,image
src/API/elements/eoiLastDetectionInfo.ts,eoiLastDetectionInfo.ts,EOILastDetectionInfo,,description_values
src/API/elements/eoiLastDetectionInfo.ts,eoiLastDetectionInfo.ts,EOILastDetectionInfo,,alerting_description
src/API/elements/eoiLastDetectionInfo.ts,eoiLastDetectionInfo.ts,EOILastDetectionInfo,,alert_time
src/API/elements/eoiLine.ts,eoiLine.ts,EOILine,constructor,
src/API/elements/eoiLine.ts,eoiLine.ts,EOILine,fromJsonObj,
src/API/elements/eoiLine.ts,eoiLine.ts,EOILine,flipDirection,
src/API/elements/eoiLine.ts,eoiLine.ts,EOILine,,id
src/API/elements/eoiLine.ts,eoiLine.ts,EOILine,,name
src/API/elements/eoiLine.ts,eoiLine.ts,EOILine,,vertices
src/API/elements/eoiMotionDetection.ts,eoiMotionDetection.ts,EOIMotionDetection,constructor,
src/API/elements/eoiMotionDetection.ts,eoiMotionDetection.ts,EOIMotionDetection,fromJsonObj,
src/API/elements/eoiMotionDetection.ts,eoiMotionDetection.ts,EOIMotionDetection,default,
src/API/elements/eoiMotionDetection.ts,eoiMotionDetection.ts,EOIMotionDetection,,enabled
src/API/elements/eoiMotionDetection.ts,eoiMotionDetection.ts,EOIMotionDetection,,detection_threshold
src/API/elements/eoiMotionDetection.ts,eoiMotionDetection.ts,EOIMotionDetection,,regular_check_frame_interval
src/API/elements/eoiMotionDetection.ts,eoiMotionDetection.ts,EOIMotionDetection,,backup_check_frame_interval
src/API/elements/eoiNotification.ts,eoiNotification.ts,EOINotification,constructor,
src/API/elements/eoiNotification.ts,eoiNotification.ts,EOINotification,fromJsonObj,
src/API/elements/eoiNotification.ts,eoiNotification.ts,EOINotification,toJSON,
src/API/elements/eoiNotification.ts,eoiNotification.ts,EOINotification,,last_detection
src/API/elements/eoiNotification.ts,eoiNotification.ts,EOINotification,,alerting
src/API/elements/eoiNotification.ts,eoiNotification.ts,EOINotification,,rest_url
src/API/elements/eoiNotification.ts,eoiNotification.ts,EOINotification,,phone_number
src/API/elements/eoiNotification.ts,eoiNotification.ts,EOINotification,,include_image
src/API/elements/eoiObjectDescription.ts,eoiObjectDescription.ts,EOIObjectDescription,constructor,
src/API/elements/eoiObjectDescription.ts,eoiObjectDescription.ts,EOIObjectDescription,fromJsonObj,
src/API/elements/eoiObjectDescription.ts,eoiObjectDescription.ts,EOIObjectDescription,toJSON,
src/API/elements/eoiObjectDescription.ts,eoiObjectDescription.ts,EOIObjectDescription,default,
src/API/elements/eoiObjectDescription.ts,eoiObjectDescription.ts,EOIObjectDescription,,display_text
src/API/elements/eoiObjectDescription.ts,eoiObjectDescription.ts,EOIObjectDescription,,text
src/API/elements/eoiObjectDescription.ts,eoiObjectDescription.ts,EOIObjectDescription,,background_prompt
src/API/elements/eoiObjectDescription.ts,eoiObjectDescription.ts,EOIObjectDescription,,alert
src/API/elements/eoiObjectDescription.ts,eoiObjectDescription.ts,EOIObjectDescription,,threshold
src/API/elements/eoiObjectDescription.ts,eoiObjectDescription.ts,EOIObjectDescription,,confidence
src/API/elements/eoiObjectDescription.ts,eoiObjectDescription.ts,EOIObjectDescription,,over_threshold
src/API/elements/eoiRecording.ts,eoiRecording.ts,EOIRecording,constructor,
src/API/elements/eoiRecording.ts,eoiRecording.ts,EOIRecording,fromJsonObj,
src/API/elements/eoiRecording.ts,eoiRecording.ts,EOIRecording,,enabled
src/API/elements/eoiRecording.ts,eoiRecording.ts,EOIRecording,,record_with_alert
src/API/elements/eoiRecording.ts,eoiRecording.ts,EOIRecording,,record_with_detection
src/API/elements/eoiRecording.ts,eoiRecording.ts,EOIRecording,,record_with_motion
src/API/elements/eoiRecording.ts,eoiRecording.ts,EOIRecording,,save_detection_data
src/API/elements/eoiRecording.ts,eoiRecording.ts,EOIRecording,,save_original_copy
src/API/elements/eoiRecording.ts,eoiRecording.ts,EOIRecording,,recording_folder
src/API/elements/eoiRecording.ts,eoiRecording.ts,EOIRecording,,video_recording
src/API/elements/eoiRecording.ts,eoiRecording.ts,EOIRecording,,image_recording
src/API/elements/eoiRegion.ts,eoiRegion.ts,EOIRegion,constructor,
src/API/elements/eoiRegion.ts,eoiRegion.ts,EOIRegion,fromJsonObj,
src/API/elements/eoiRegion.ts,eoiRegion.ts,EOIRegion,,nextId
src/API/elements/eoiRegion.ts,eoiRegion.ts,EOIRegion,,enabled
src/API/elements/eoiRegion.ts,eoiRegion.ts,EOIRegion,,id
src/API/elements/eoiRegion.ts,eoiRegion.ts,EOIRegion,,name
src/API/elements/eoiRegion.ts,eoiRegion.ts,EOIRegion,,polygon
src/API/elements/eoiRegion.ts,eoiRegion.ts,EOIRegion,,detection_configs
src/API/elements/eoiRegion.ts,eoiRegion.ts,EOIRegion,,motion_detection
src/API/elements/eoiSearchResult.ts,eoiSearchResult.ts,EOISearchResult,constructor,
src/API/elements/eoiSearchResult.ts,eoiSearchResult.ts,EOISearchResult,fromJsonObj,
src/API/elements/eoiSearchResult.ts,eoiSearchResult.ts,EOISearchResult,,confidence
src/API/elements/eoiSearchResult.ts,eoiSearchResult.ts,EOISearchResult,,source_type
src/API/elements/eoiSearchResult.ts,eoiSearchResult.ts,EOISearchResult,,folder
src/API/elements/eoiSearchResult.ts,eoiSearchResult.ts,EOISearchResult,,file
src/API/elements/eoiSearchResult.ts,eoiSearchResult.ts,EOISearchResult,,stream
src/API/elements/eoiSearchResult.ts,eoiSearchResult.ts,EOISearchResult,,stream_name
src/API/elements/eoiSearchResult.ts,eoiSearchResult.ts,EOISearchResult,,region
src/API/elements/eoiSearchResult.ts,eoiSearchResult.ts,EOISearchResult,,class_name
src/API/elements/eoiSearchResult.ts,eoiSearchResult.ts,EOISearchResult,,time
src/API/elements/eoiSearchResult.ts,eoiSearchResult.ts,EOISearchResult,,image
src/API/elements/eoiSearchResult.ts,eoiSearchResult.ts,EOISearchResult,,facerec_person_id
src/API/elements/eoiSearchResult.ts,eoiSearchResult.ts,EOISearchResult,,facerec_person_display_name
src/API/elements/eoiSearchResult.ts,eoiSearchResult.ts,EOISearchResult,,result_id
src/API/elements/eoiStreamInfo.ts,eoiStreamInfo.ts,EOIStreamInfo,fromJsonObj,
src/API/elements/eoiStreamInfo.ts,eoiStreamInfo.ts,EOIStreamInfo,initFromJson,
src/API/elements/eoiStreamInfo.ts,eoiStreamInfo.ts,EOIStreamInfo,isMonitoring,
src/API/elements/eoiStreamInfo.ts,eoiStreamInfo.ts,EOIStreamInfo,isAlerting,
src/API/elements/eoiStreamInfo.ts,eoiStreamInfo.ts,EOIStreamInfo,,stream_url
src/API/elements/eoiStreamInfo.ts,eoiStreamInfo.ts,EOIStreamInfo,,stream_id
src/API/elements/eoiStreamInfo.ts,eoiStreamInfo.ts,EOIStreamInfo,,name
src/API/elements/eoiStreamInfo.ts,eoiStreamInfo.ts,EOIStreamInfo,,frame_rate
src/API/elements/eoiStreamInfo.ts,eoiStreamInfo.ts,EOIStreamInfo,,index_for_search
src/API/elements/eoiStreamInfo.ts,eoiStreamInfo.ts,EOIStreamInfo,,search_index_types
src/API/elements/eoiStreamInfo.ts,eoiStreamInfo.ts,EOIStreamInfo,,status
src/API/elements/eoiStreamInfo.ts,eoiStreamInfo.ts,EOIStreamInfo,,regions
src/API/elements/eoiStreamInfo.ts,eoiStreamInfo.ts,EOIStreamInfo,,lines
src/API/elements/eoiStreamInfo.ts,eoiStreamInfo.ts,EOIStreamInfo,,notification
src/API/elements/eoiStreamInfo.ts,eoiStreamInfo.ts,EOIStreamInfo,,recording
src/API/elements/eoiValidation.ts,eoiValidation.ts,EOIValidation,constructor,
src/API/elements/eoiValidation.ts,eoiValidation.ts,EOIValidation,fromJsonObj,
src/API/elements/eoiValidation.ts,eoiValidation.ts,EOIValidation,,triggers
src/API/elements/eoiValidationTrigger.ts,eoiValidationTrigger.ts,EOIValidationTrigger,constructor,
src/API/elements/eoiValidationTrigger.ts,eoiValidationTrigger.ts,EOIValidationTrigger,fromJsonObj,
src/API/elements/eoiValidationTrigger.ts,eoiValidationTrigger.ts,EOIValidationTrigger,,class_name
src/API/elements/eoiValidationTrigger.ts,eoiValidationTrigger.ts,EOIValidationTrigger,,start_seconds
src/API/elements/eoiValidationTrigger.ts,eoiValidationTrigger.ts,EOIValidationTrigger,,end_seconds
src/API/elements/eoiVertex.ts,eoiVertex.ts,EOIVertex,constructor,
src/API/elements/eoiVertex.ts,eoiVertex.ts,EOIVertex,fromJsonObj,
src/API/elements/eoiVertex.ts,eoiVertex.ts,EOIVertex,,x
src/API/elements/eoiVertex.ts,eoiVertex.ts,EOIVertex,,y
src/API/elements/eoiVideoDetection.ts,eoiVideoDetection.ts,EOIVideoDetection,constructor,
src/API/elements/eoiVideoDetection.ts,eoiVideoDetection.ts,EOIVideoDetection,fromJsonObj,
src/API/elements/eoiVideoDetection.ts,eoiVideoDetection.ts,EOIVideoDetection,getDetectedObjects,
src/API/elements/eoiVideoDetection.ts,eoiVideoDetection.ts,EOIVideoDetection,getMaxConfidenceDescription,
src/API/elements/eoiVideoDetection.ts,eoiVideoDetection.ts,EOIVideoDetection,,stream_url
src/API/elements/eoiVideoDetection.ts,eoiVideoDetection.ts,EOIVideoDetection,,stream_name
src/API/elements/eoiVideoDetection.ts,eoiVideoDetection.ts,EOIVideoDetection,,event
src/API/elements/eoiVideoDetection.ts,eoiVideoDetection.ts,EOIVideoDetection,,time
src/API/elements/eoiVideoDetection.ts,eoiVideoDetection.ts,EOIVideoDetection,,frame_num
src/API/elements/eoiVideoDetection.ts,eoiVideoDetection.ts,EOIVideoDetection,,object_description
src/API/elements/eoiVideoDetection.ts,eoiVideoDetection.ts,EOIVideoDetection,,condition
src/API/elements/eoiVideoDetection.ts,eoiVideoDetection.ts,EOIVideoDetection,,total_count
src/API/elements/eoiVideoDetection.ts,eoiVideoDetection.ts,EOIVideoDetection,,result_id
src/API/elements/eoiVideoDetection.ts,eoiVideoDetection.ts,EOIVideoDetection,,image
src/API/elements/eoiVideoDetection.ts,eoiVideoDetection.ts,EOIVideoDetection,,alert_stream_id
src/API/elements/eoiVideoDetection.ts,eoiVideoDetection.ts,EOIVideoDetection,,alert_id
src/API/elements/eoiVideoDetection.ts,eoiVideoDetection.ts,EOIVideoDetection,,alert_rtsp_url
src/API/elements/eoiVideoRecording.ts,eoiVideoRecording.ts,EOIVideoRecording,constructor,
src/API/elements/eoiVideoRecording.ts,eoiVideoRecording.ts,EOIVideoRecording,fromJsonObj,
src/API/elements/eoiVideoRecording.ts,eoiVideoRecording.ts,EOIVideoRecording,noVideoRecording,
src/API/elements/eoiVideoRecording.ts,eoiVideoRecording.ts,EOIVideoRecording,,enabled
src/API/elements/eoiVideoRecording.ts,eoiVideoRecording.ts,EOIVideoRecording,,record_all_frames
src/API/eoiAPIUtils.ts,eoiAPIUtils.ts,EOIAPIUtils,constructor,
src/API/eoiAPIUtils.ts,eoiAPIUtils.ts,EOIAPIUtils,getInfoForStream,
src/API/eoiAPIUtils.ts,eoiAPIUtils.ts,EOIAPIUtils,,logger
src/API/eoiAPIUtils.ts,eoiAPIUtils.ts,EOIAPIUtils,,eoiAPI
src/API/eoiResponse.ts,eoiResponse.ts,EOIResponse,constructor,
src/API/eoiResponse.ts,eoiResponse.ts,EOIResponse,failure,
src/API/eoiResponse.ts,eoiResponse.ts,EOIResponse,success,
src/API/eoiResponse.ts,eoiResponse.ts,EOIResponse,,data
src/API/eoiResponse.ts,eoiResponse.ts,EOIResponse,,success
src/API/eoiResponse.ts,eoiResponse.ts,EOIResponse,,message
src/API/eoiValidator.ts,eoiValidator.ts,EOIValidator,validateBaseInputs,
src/API/eoiValidator.ts,eoiValidator.ts,EOIValidator,validateProcessImageInputs,
src/API/eoiValidator.ts,eoiValidator.ts,EOIValidator,validateAddStreamInputs,
src/API/eoiValidator.ts,eoiValidator.ts,EOIValidator,validateMonitorStreamInputs,
src/API/eoiValidator.ts,eoiValidator.ts,EOIValidator,validateProcessVideoInputs,
src/API/eoiValidator.ts,eoiValidator.ts,EOIValidator,validateGetPreviewFrameInputs,
src/API/eoiValidator.ts,eoiValidator.ts,EOIValidator,validateGetVideoFrameInputs,
src/API/eoiValidator.ts,eoiValidator.ts,EOIValidator,validateGetLastDetectionInfoInputs,
src/API/eoiValidator.ts,eoiValidator.ts,EOIValidator,validateRemoveStreamInputs,
src/API/eoiValidator.ts,eoiValidator.ts,EOIValidator,validateStopMonitoringStreamInputs,
src/API/eoiValidator.ts,eoiValidator.ts,EOIValidator,validateSearchInputs,
src/API/eoiValidator.ts,eoiValidator.ts,EOIValidator,validateSimilaritySearchInputs,
src/API/eoiValidator.ts,eoiValidator.ts,EOIValidator,validateSearchDateRange,
src/API/eoiValidator.ts,eoiValidator.ts,EOIValidator,validateLiveSearchInputs,
src/API/eoiValidator.ts,eoiValidator.ts,EOIValidator,validateUpdateLiveSearchInputs,
src/API/eoiValidator.ts,eoiValidator.ts,EOIValidator,validateObjectDescriptions,
src/API/eoiValidator.ts,eoiValidator.ts,EOIValidator,validateRegions,
src/API/eoiValidator.ts,eoiValidator.ts,EOIValidator,validateDetectionConfigs,
src/API/eoiValidator.ts,eoiValidator.ts,EOIValidator,validateConditions,
src/API/eoiValidator.ts,eoiValidator.ts,EOIValidator,validateLines,
src/API/eoiValidator.ts,eoiValidator.ts,EOIValidator,validatePolygon,
src/API/eoiValidator.ts,eoiValidator.ts,EOIValidator,validateVertexArray,
src/API/eoiValidator.ts,eoiValidator.ts,EOIValidator,validateNotification,
src/API/eoiValidator.ts,eoiValidator.ts,EOIValidator,validateMotionDetection,
src/API/eoiValidator.ts,eoiValidator.ts,EOIValidator,validateBoundingBox,
src/API/eoiValidator.ts,eoiValidator.ts,EOIValidator,validateStreamUrl,
src/API/eoiValidator.ts,eoiValidator.ts,EOIValidator,validatePhoneNumber,
src/API/eoiValidator.ts,eoiValidator.ts,EOIValidator,validateMonitorDuration,
src/API/eoiValidator.ts,eoiValidator.ts,EOIValidator,validateFacerecGroupNameSearch,
src/API/eoiValidator.ts,eoiValidator.ts,EOIValidator,validateFacerecPeopleNameSearch,
src/API/eoiValidator.ts,eoiValidator.ts,EOIValidator,validateRemoveFacerecGroupInputs,
src/API/eoiValidator.ts,eoiValidator.ts,EOIValidator,validateNewFacerecGroup,
src/API/eoiValidator.ts,eoiValidator.ts,EOIValidator,validateNewFacerecPerson,
src/API/eoiValidator.ts,eoiValidator.ts,EOIValidator,validateAddFacerecPeople,
src/API/eoiValidator.ts,eoiValidator.ts,EOIValidator,validateRemoveFacerecPersonInputs,
src/API/eoiValidator.ts,eoiValidator.ts,EOIValidator,validateFacerecPersonDetailsInputs,
src/API/eoiValidator.ts,eoiValidator.ts,EOIValidator,,MAX_PHONE_NUMBER_LENGTH
src/API/eoiValidator.ts,eoiValidator.ts,EOIValidator,,MIN_PROMPT_LENGTH
src/API/eoiValidator.ts,eoiValidator.ts,EOIValidator,,MIN_PROMPT_THRESHOLD
src/API/eoiValidator.ts,eoiValidator.ts,EOIValidator,,MAX_PROMPT_THRESHOLD
src/API/eoiValidator.ts,eoiValidator.ts,EOIValidator,,MIN_FRAME_RATE
src/API/eoiValidator.ts,eoiValidator.ts,EOIValidator,,MIN_STREAM_NAME_LENGTH
src/API/eoiValidator.ts,eoiValidator.ts,EOIValidator,,MIN_REGION_NAME_LENGTH
src/API/eoiValidator.ts,eoiValidator.ts,EOIValidator,,MIN_LINE_NAME_LENGTH
src/API/eoiValidator.ts,eoiValidator.ts,EOIValidator,,MIN_MOTION_THRESHOLD
src/API/eoiValidator.ts,eoiValidator.ts,EOIValidator,,MIN_SEARCH_TEXT_LENGTH
src/API/eoiValidator.ts,eoiValidator.ts,EOIValidator,,VALID_CLASS_NAMES
src/API/eoiValidator.ts,eoiValidator.ts,EOIValidator,,MIN_OBJECT_SIZE
src/API/eoiValidator.ts,eoiValidator.ts,EOIValidator,,MIN_ALERT_SECONDS
src/API/eoiValidator.ts,eoiValidator.ts,EOIValidator,,MIN_RESET_SECONDS
src/API/eoiValidator.ts,eoiValidator.ts,EOIValidator,,MIN_LINE_VERTEX_COUNT
src/API/eoiValidator.ts,eoiValidator.ts,EOIValidator,,COUNT_CONDITION_TYPES
src/API/eoiValidator.ts,eoiValidator.ts,EOIValidator,,LINE_CROSS_CONDITION_TYPES
src/API/eoiValidator.ts,eoiValidator.ts,EOIValidator,,MIN_SEARCH_DATE_ISO
src/API/eoiValidator.ts,eoiValidator.ts,EOIValidator,,MIN_SEARCH_DATE
src/API/eoiValidator.ts,eoiValidator.ts,EOIValidator,,MIN_FACEREC_GROUP_NAME_LENGTH
src/API/eoiValidator.ts,eoiValidator.ts,EOIValidator,,MIN_FACEREC_PERSON_NAME_LENGTH
src/API/eoiValidator.ts,eoiValidator.ts,EOIValidator,,MIN_FACEREC_GROUP_ID_LENGTH
src/API/eoiValidator.ts,eoiValidator.ts,EOIValidator,,MIN_FACEREC_PERSON_ID_LENGTH
src/API/eoiValidator.ts,eoiValidator.ts,EOIValidator,,MIN_FACEREC_GROUP_DESCRIPTION_LENGTH
src/API/EyesOnItAPI.ts,EyesOnItAPI.ts,EyesOnItAPI,constructor,
src/API/EyesOnItAPI.ts,EyesOnItAPI.ts,EyesOnItAPI,processImage,
src/API/EyesOnItAPI.ts,EyesOnItAPI.ts,EyesOnItAPI,addStream,
src/API/EyesOnItAPI.ts,EyesOnItAPI.ts,EyesOnItAPI,processVideo,
src/API/EyesOnItAPI.ts,EyesOnItAPI.ts,EyesOnItAPI,removeStream,
src/API/EyesOnItAPI.ts,EyesOnItAPI.ts,EyesOnItAPI,monitorStream,
src/API/EyesOnItAPI.ts,EyesOnItAPI.ts,EyesOnItAPI,stopMonitoringStream,
src/API/EyesOnItAPI.ts,EyesOnItAPI.ts,EyesOnItAPI,getAllStreamsInfo,
src/API/EyesOnItAPI.ts,EyesOnItAPI.ts,EyesOnItAPI,getStreamDetails,
src/API/EyesOnItAPI.ts,EyesOnItAPI.ts,EyesOnItAPI,getLastDetectionInfo,
src/API/EyesOnItAPI.ts,EyesOnItAPI.ts,EyesOnItAPI,getVideoFrame,
src/API/EyesOnItAPI.ts,EyesOnItAPI.ts,EyesOnItAPI,search,
src/API/EyesOnItAPI.ts,EyesOnItAPI.ts,EyesOnItAPI,similaritySearch,
src/API/EyesOnItAPI.ts,EyesOnItAPI.ts,EyesOnItAPI,liveSearch,
src/API/EyesOnItAPI.ts,EyesOnItAPI.ts,EyesOnItAPI,pauseLiveSearch,
src/API/EyesOnItAPI.ts,EyesOnItAPI.ts,EyesOnItAPI,resumeLiveSearch,
src/API/EyesOnItAPI.ts,EyesOnItAPI.ts,EyesOnItAPI,cancelLiveSearch,
src/API/EyesOnItAPI.ts,EyesOnItAPI.ts,EyesOnItAPI,updateConfig,
src/API/EyesOnItAPI.ts,EyesOnItAPI.ts,EyesOnItAPI,getFacerecGroups,
src/API/EyesOnItAPI.ts,EyesOnItAPI.ts,EyesOnItAPI,addFacerecGroup,
src/API/EyesOnItAPI.ts,EyesOnItAPI.ts,EyesOnItAPI,removeFacerecGroup,
src/API/EyesOnItAPI.ts,EyesOnItAPI.ts,EyesOnItAPI,addFacerecPerson,
src/API/EyesOnItAPI.ts,EyesOnItAPI.ts,EyesOnItAPI,addFacerecPeople,
src/API/EyesOnItAPI.ts,EyesOnItAPI.ts,EyesOnItAPI,removeFacerecPerson,
src/API/EyesOnItAPI.ts,EyesOnItAPI.ts,EyesOnItAPI,searchFacerecGroupNames,
src/API/EyesOnItAPI.ts,EyesOnItAPI.ts,EyesOnItAPI,searchFacerecPeopleNames,
src/API/EyesOnItAPI.ts,EyesOnItAPI.ts,EyesOnItAPI,getFacerecPersonDetails,
src/API/EyesOnItAPI.ts,EyesOnItAPI.ts,EyesOnItAPI,doGet,
src/API/EyesOnItAPI.ts,EyesOnItAPI.ts,EyesOnItAPI,doPost,
src/API/EyesOnItAPI.ts,EyesOnItAPI.ts,EyesOnItAPI,handleSuccess,
src/API/EyesOnItAPI.ts,EyesOnItAPI.ts,EyesOnItAPI,handleError,
src/API/EyesOnItAPI.ts,EyesOnItAPI.ts,EyesOnItAPI,,processImagePath
src/API/EyesOnItAPI.ts,EyesOnItAPI.ts,EyesOnItAPI,,addStreamPath
src/API/EyesOnItAPI.ts,EyesOnItAPI.ts,EyesOnItAPI,,processVideosPath
src/API/EyesOnItAPI.ts,EyesOnItAPI.ts,EyesOnItAPI,,removeStreamPath
src/API/EyesOnItAPI.ts,EyesOnItAPI.ts,EyesOnItAPI,,monitorStreamPath
src/API/EyesOnItAPI.ts,EyesOnItAPI.ts,EyesOnItAPI,,stopMonitorStreamPath
src/API/EyesOnItAPI.ts,EyesOnItAPI.ts,EyesOnItAPI,,getAllStreamsInfoPath
src/API/EyesOnItAPI.ts,EyesOnItAPI.ts,EyesOnItAPI,,getStreamDetailsPath
src/API/EyesOnItAPI.ts,EyesOnItAPI.ts,EyesOnItAPI,,getLastDetectionInfoPath
src/API/EyesOnItAPI.ts,EyesOnItAPI.ts,EyesOnItAPI,,getVideoFramePath
src/API/EyesOnItAPI.ts,EyesOnItAPI.ts,EyesOnItAPI,,searchPath
src/API/EyesOnItAPI.ts,EyesOnItAPI.ts,EyesOnItAPI,,similaritySearchPath
src/API/EyesOnItAPI.ts,EyesOnItAPI.ts,EyesOnItAPI,,liveSearchPath
src/API/EyesOnItAPI.ts,EyesOnItAPI.ts,EyesOnItAPI,,pauseLiveSearchPath
src/API/EyesOnItAPI.ts,EyesOnItAPI.ts,EyesOnItAPI,,resumeLiveSearchPath
src/API/EyesOnItAPI.ts,EyesOnItAPI.ts,EyesOnItAPI,,cancelLiveSearchPath
src/API/EyesOnItAPI.ts,EyesOnItAPI.ts,EyesOnItAPI,,updateConfigPath
src/API/EyesOnItAPI.ts,EyesOnItAPI.ts,EyesOnItAPI,,facerecGroupsPath
src/API/EyesOnItAPI.ts,EyesOnItAPI.ts,EyesOnItAPI,,facerecSearchGroupNamesPath
src/API/EyesOnItAPI.ts,EyesOnItAPI.ts,EyesOnItAPI,,facerecSearchPeopleNamesPath
src/API/EyesOnItAPI.ts,EyesOnItAPI.ts,EyesOnItAPI,,facerecAddGroupPath
src/API/EyesOnItAPI.ts,EyesOnItAPI.ts,EyesOnItAPI,,facerecRemoveGroupPath
src/API/EyesOnItAPI.ts,EyesOnItAPI.ts,EyesOnItAPI,,facerecAddPersonPath
src/API/EyesOnItAPI.ts,EyesOnItAPI.ts,EyesOnItAPI,,facerecAddPeoplePath
src/API/EyesOnItAPI.ts,EyesOnItAPI.ts,EyesOnItAPI,,facerecRemovePersonPath
src/API/EyesOnItAPI.ts,EyesOnItAPI.ts,EyesOnItAPI,,facerecPersonDetails
src/API/EyesOnItAPI.ts,EyesOnItAPI.ts,EyesOnItAPI,,logger
src/API/EyesOnItAPI.ts,EyesOnItAPI.ts,EyesOnItAPI,,apiBasePath
src/API/EyesOnItAPI.ts,EyesOnItAPI.ts,EyesOnItAPI,,restHandler
src/API/inputs/eoiAddFacerecGroupInputs.ts,eoiAddFacerecGroupInputs.ts,EOIAddFacerecGroupInputs,constructor,
src/API/inputs/eoiAddFacerecGroupInputs.ts,eoiAddFacerecGroupInputs.ts,EOIAddFacerecGroupInputs,fromJsonObj,
src/API/inputs/eoiAddFacerecGroupInputs.ts,eoiAddFacerecGroupInputs.ts,EOIAddFacerecGroupInputs,validate,
src/API/inputs/eoiAddFacerecGroupInputs.ts,eoiAddFacerecGroupInputs.ts,EOIAddFacerecGroupInputs,,group_id
src/API/inputs/eoiAddFacerecGroupInputs.ts,eoiAddFacerecGroupInputs.ts,EOIAddFacerecGroupInputs,,group_name
src/API/inputs/eoiAddFacerecGroupInputs.ts,eoiAddFacerecGroupInputs.ts,EOIAddFacerecGroupInputs,,group_description
src/API/inputs/eoiAddFacerecPeopleInputs.ts,eoiAddFacerecPeopleInputs.ts,EOIAddFacerecPeopleInputs,constructor,
src/API/inputs/eoiAddFacerecPeopleInputs.ts,eoiAddFacerecPeopleInputs.ts,EOIAddFacerecPeopleInputs,fromJsonObj,
src/API/inputs/eoiAddFacerecPeopleInputs.ts,eoiAddFacerecPeopleInputs.ts,EOIAddFacerecPeopleInputs,validate,
src/API/inputs/eoiAddFacerecPeopleInputs.ts,eoiAddFacerecPeopleInputs.ts,EOIAddFacerecPeopleInputs,,file_path
src/API/inputs/eoiAddFacerecPersonInputs.ts,eoiAddFacerecPersonInputs.ts,EOIAddFacerecPersonImage,constructor,
src/API/inputs/eoiAddFacerecPersonInputs.ts,eoiAddFacerecPersonInputs.ts,EOIAddFacerecPersonImage,,image
src/API/inputs/eoiAddFacerecPersonInputs.ts,eoiAddFacerecPersonInputs.ts,EOIAddFacerecPersonImage,,file_path
src/API/inputs/eoiAddFacerecPersonInputs.ts,eoiAddFacerecPersonInputs.ts,EOIAddFacerecPersonImage,,capture_time
src/API/inputs/eoiAddFacerecPersonInputs.ts,eoiAddFacerecPersonInputs.ts,EOIAddFacerecPersonInputs,constructor,
src/API/inputs/eoiAddFacerecPersonInputs.ts,eoiAddFacerecPersonInputs.ts,EOIAddFacerecPersonInputs,fromJsonObj,
src/API/inputs/eoiAddFacerecPersonInputs.ts,eoiAddFacerecPersonInputs.ts,EOIAddFacerecPersonInputs,addImageBase64,
src/API/inputs/eoiAddFacerecPersonInputs.ts,eoiAddFacerecPersonInputs.ts,EOIAddFacerecPersonInputs,validate,
src/API/inputs/eoiAddFacerecPersonInputs.ts,eoiAddFacerecPersonInputs.ts,EOIAddFacerecPersonInputs,,person_images
src/API/inputs/eoiAddFacerecPersonInputs.ts,eoiAddFacerecPersonInputs.ts,EOIAddFacerecPersonInputs,,person_id
src/API/inputs/eoiAddFacerecPersonInputs.ts,eoiAddFacerecPersonInputs.ts,EOIAddFacerecPersonInputs,,person_display_name
src/API/inputs/eoiAddFacerecPersonInputs.ts,eoiAddFacerecPersonInputs.ts,EOIAddFacerecPersonInputs,,person_groups
src/API/inputs/eoiAddStreamInputs.ts,eoiAddStreamInputs.ts,EOIAddStreamInputs,constructor,
src/API/inputs/eoiAddStreamInputs.ts,eoiAddStreamInputs.ts,EOIAddStreamInputs,fromJsonObj,
src/API/inputs/eoiAddStreamInputs.ts,eoiAddStreamInputs.ts,EOIAddStreamInputs,stringify,
src/API/inputs/eoiAddStreamInputs.ts,eoiAddStreamInputs.ts,EOIAddStreamInputs,stringifyFilter,
src/API/inputs/eoiAddStreamInputs.ts,eoiAddStreamInputs.ts,EOIAddStreamInputs,validate,
src/API/inputs/eoiAddStreamInputs.ts,eoiAddStreamInputs.ts,EOIAddStreamInputs,,stream_url
src/API/inputs/eoiAddStreamInputs.ts,eoiAddStreamInputs.ts,EOIAddStreamInputs,,name
src/API/inputs/eoiAddStreamInputs.ts,eoiAddStreamInputs.ts,EOIAddStreamInputs,,frame_rate
src/API/inputs/eoiAddStreamInputs.ts,eoiAddStreamInputs.ts,EOIAddStreamInputs,,index_for_search
src/API/inputs/eoiAddStreamInputs.ts,eoiAddStreamInputs.ts,EOIAddStreamInputs,,search_index_types
src/API/inputs/eoiAddStreamInputs.ts,eoiAddStreamInputs.ts,EOIAddStreamInputs,,regions
src/API/inputs/eoiAddStreamInputs.ts,eoiAddStreamInputs.ts,EOIAddStreamInputs,,lines
src/API/inputs/eoiAddStreamInputs.ts,eoiAddStreamInputs.ts,EOIAddStreamInputs,,notification
src/API/inputs/eoiAddStreamInputs.ts,eoiAddStreamInputs.ts,EOIAddStreamInputs,,recording
src/API/inputs/eoiAddStreamInputs.ts,eoiAddStreamInputs.ts,EOIAddStreamInputs,,effects
src/API/inputs/eoiBaseInputs.ts,eoiBaseInputs.ts,EOIBaseInputs,constructor,
src/API/inputs/eoiBaseInputs.ts,eoiBaseInputs.ts,EOIBaseInputs,,regions
src/API/inputs/eoiGetLastDetectionInfoInputs.ts,eoiGetLastDetectionInfoInputs.ts,EOIGetLastDetectionInfoInputs,constructor,
src/API/inputs/eoiGetLastDetectionInfoInputs.ts,eoiGetLastDetectionInfoInputs.ts,EOIGetLastDetectionInfoInputs,validate,
src/API/inputs/eoiGetLastDetectionInfoInputs.ts,eoiGetLastDetectionInfoInputs.ts,EOIGetLastDetectionInfoInputs,,streamUrl
src/API/inputs/eoiGetPreviewFrameInputs.ts,eoiGetPreviewFrameInputs.ts,EOIPreviewFrameInputs,constructor,
src/API/inputs/eoiGetPreviewFrameInputs.ts,eoiGetPreviewFrameInputs.ts,EOIPreviewFrameInputs,validate,
src/API/inputs/eoiGetPreviewFrameInputs.ts,eoiGetPreviewFrameInputs.ts,EOIPreviewFrameInputs,,streamUrl
src/API/inputs/eoiGetVideoFrameInputs.ts,eoiGetVideoFrameInputs.ts,EOIVideoFrameInputs,constructor,
src/API/inputs/eoiGetVideoFrameInputs.ts,eoiGetVideoFrameInputs.ts,EOIVideoFrameInputs,validate,
src/API/inputs/eoiGetVideoFrameInputs.ts,eoiGetVideoFrameInputs.ts,EOIVideoFrameInputs,,streamUrl
src/API/inputs/eoiLiveSearchInputs.ts,eoiLiveSearchInputs.ts,EOILiveSearchInputs,constructor,
src/API/inputs/eoiLiveSearchInputs.ts,eoiLiveSearchInputs.ts,EOILiveSearchInputs,fromJsonObj,
src/API/inputs/eoiLiveSearchInputs.ts,eoiLiveSearchInputs.ts,EOILiveSearchInputs,validate,
src/API/inputs/eoiLiveSearchInputs.ts,eoiLiveSearchInputs.ts,EOILiveSearchInputs,,class_name
src/API/inputs/eoiLiveSearchInputs.ts,eoiLiveSearchInputs.ts,EOILiveSearchInputs,,object_description
src/API/inputs/eoiLiveSearchInputs.ts,eoiLiveSearchInputs.ts,EOILiveSearchInputs,,seed_id
src/API/inputs/eoiLiveSearchInputs.ts,eoiLiveSearchInputs.ts,EOILiveSearchInputs,,image
src/API/inputs/eoiLiveSearchInputs.ts,eoiLiveSearchInputs.ts,EOILiveSearchInputs,,alert_threshold
src/API/inputs/eoiLiveSearchInputs.ts,eoiLiveSearchInputs.ts,EOILiveSearchInputs,,duration_seconds
src/API/inputs/eoiLiveSearchInputs.ts,eoiLiveSearchInputs.ts,EOILiveSearchInputs,,notification
src/API/inputs/eoiMonitorStreamInputs.ts,eoiMonitorStreamInputs.ts,EOIMonitorStreamInputs,constructor,
src/API/inputs/eoiMonitorStreamInputs.ts,eoiMonitorStreamInputs.ts,EOIMonitorStreamInputs,validate,
src/API/inputs/eoiMonitorStreamInputs.ts,eoiMonitorStreamInputs.ts,EOIMonitorStreamInputs,,streamUrl
src/API/inputs/eoiMonitorStreamInputs.ts,eoiMonitorStreamInputs.ts,EOIMonitorStreamInputs,,durationSeconds
src/API/inputs/eoiProcessImageInputs.ts,eoiProcessImageInputs.ts,EOIProcessImageInputs,constructor,
src/API/inputs/eoiProcessImageInputs.ts,eoiProcessImageInputs.ts,EOIProcessImageInputs,fromJsonObj,
src/API/inputs/eoiProcessImageInputs.ts,eoiProcessImageInputs.ts,EOIProcessImageInputs,stringify,
src/API/inputs/eoiProcessImageInputs.ts,eoiProcessImageInputs.ts,EOIProcessImageInputs,stringifyFilter,
src/API/inputs/eoiProcessImageInputs.ts,eoiProcessImageInputs.ts,EOIProcessImageInputs,validate,
src/API/inputs/eoiProcessImageInputs.ts,eoiProcessImageInputs.ts,EOIProcessImageInputs,,base64Image
src/API/inputs/eoiProcessImageInputs.ts,eoiProcessImageInputs.ts,EOIProcessImageInputs,,regions
src/API/inputs/eoiProcessImageInputs.ts,eoiProcessImageInputs.ts,EOIProcessImageInputs,,return_image
src/API/inputs/eoiProcessImageInputs.ts,eoiProcessImageInputs.ts,EOIProcessImageInputs,,effects
src/API/inputs/eoiProcessVideoInputs.ts,eoiProcessVideoInputs.ts,EOIProcessVideoInputs,constructor,
src/API/inputs/eoiProcessVideoInputs.ts,eoiProcessVideoInputs.ts,EOIProcessVideoInputs,fromJsonObj,
src/API/inputs/eoiProcessVideoInputs.ts,eoiProcessVideoInputs.ts,EOIProcessVideoInputs,stringify,
src/API/inputs/eoiProcessVideoInputs.ts,eoiProcessVideoInputs.ts,EOIProcessVideoInputs,stringifyFilter,
src/API/inputs/eoiProcessVideoInputs.ts,eoiProcessVideoInputs.ts,EOIProcessVideoInputs,validate,
src/API/inputs/eoiProcessVideoInputs.ts,eoiProcessVideoInputs.ts,EOIProcessVideoInputs,,name
src/API/inputs/eoiProcessVideoInputs.ts,eoiProcessVideoInputs.ts,EOIProcessVideoInputs,,input_video_path_list
src/API/inputs/eoiProcessVideoInputs.ts,eoiProcessVideoInputs.ts,EOIProcessVideoInputs,,output_video_path
src/API/inputs/eoiProcessVideoInputs.ts,eoiProcessVideoInputs.ts,EOIProcessVideoInputs,,frame_rate
src/API/inputs/eoiProcessVideoInputs.ts,eoiProcessVideoInputs.ts,EOIProcessVideoInputs,,index_for_search
src/API/inputs/eoiProcessVideoInputs.ts,eoiProcessVideoInputs.ts,EOIProcessVideoInputs,,search_index_types
src/API/inputs/eoiProcessVideoInputs.ts,eoiProcessVideoInputs.ts,EOIProcessVideoInputs,,regions
src/API/inputs/eoiProcessVideoInputs.ts,eoiProcessVideoInputs.ts,EOIProcessVideoInputs,,lines
src/API/inputs/eoiProcessVideoInputs.ts,eoiProcessVideoInputs.ts,EOIProcessVideoInputs,,real_time
src/API/inputs/eoiProcessVideoInputs.ts,eoiProcessVideoInputs.ts,EOIProcessVideoInputs,,video_start_interval
src/API/inputs/eoiProcessVideoInputs.ts,eoiProcessVideoInputs.ts,EOIProcessVideoInputs,,output_all_frames
src/API/inputs/eoiProcessVideoInputs.ts,eoiProcessVideoInputs.ts,EOIProcessVideoInputs,,effects
src/API/inputs/eoiProcessVideoInputs.ts,eoiProcessVideoInputs.ts,EOIProcessVideoInputs,,recording
src/API/inputs/eoiProcessVideoInputs.ts,eoiProcessVideoInputs.ts,EOIProcessVideoInputs,,video_start_local_time
src/API/inputs/eoiProcessVideoInputs.ts,eoiProcessVideoInputs.ts,EOIProcessVideoInputs,,start_seconds
src/API/inputs/eoiProcessVideoInputs.ts,eoiProcessVideoInputs.ts,EOIProcessVideoInputs,,end_seconds
src/API/inputs/eoiProcessVideoInputs.ts,eoiProcessVideoInputs.ts,EOIProcessVideoInputs,,mode
src/API/inputs/eoiProcessVideoInputs.ts,eoiProcessVideoInputs.ts,EOIProcessVideoInputs,,base_image_path
src/API/inputs/eoiProcessVideoInputs.ts,eoiProcessVideoInputs.ts,EOIProcessVideoInputs,,plugins
src/API/inputs/eoiProcessVideoInputs.ts,eoiProcessVideoInputs.ts,EOIProcessVideoInputs,,validation
src/API/inputs/eoiRemoveStreamInputs.ts,eoiRemoveStreamInputs.ts,EOIRemoveStreamInputs,constructor,
src/API/inputs/eoiRemoveStreamInputs.ts,eoiRemoveStreamInputs.ts,EOIRemoveStreamInputs,validate,
src/API/inputs/eoiRemoveStreamInputs.ts,eoiRemoveStreamInputs.ts,EOIRemoveStreamInputs,,streamUrl
src/API/inputs/eoiSearchInputs.ts,eoiSearchInputs.ts,EOISearchInputs,constructor,
src/API/inputs/eoiSearchInputs.ts,eoiSearchInputs.ts,EOISearchInputs,fromJsonObj,
src/API/inputs/eoiSearchInputs.ts,eoiSearchInputs.ts,EOISearchInputs,validate,
src/API/inputs/eoiSearchInputs.ts,eoiSearchInputs.ts,EOISearchInputs,,class_name
src/API/inputs/eoiSearchInputs.ts,eoiSearchInputs.ts,EOISearchInputs,,object_description
src/API/inputs/eoiSearchInputs.ts,eoiSearchInputs.ts,EOISearchInputs,,face_person_id
src/API/inputs/eoiSearchInputs.ts,eoiSearchInputs.ts,EOISearchInputs,,face_group_id
src/API/inputs/eoiSearchInputs.ts,eoiSearchInputs.ts,EOISearchInputs,,start_date_time
src/API/inputs/eoiSearchInputs.ts,eoiSearchInputs.ts,EOISearchInputs,,end_date_time
src/API/inputs/eoiSimilaritySearchInputs.ts,eoiSimilaritySearchInputs.ts,EOISimilaritySearchInputs,constructor,
src/API/inputs/eoiSimilaritySearchInputs.ts,eoiSimilaritySearchInputs.ts,EOISimilaritySearchInputs,fromJsonObj,
src/API/inputs/eoiSimilaritySearchInputs.ts,eoiSimilaritySearchInputs.ts,EOISimilaritySearchInputs,validate,
src/API/inputs/eoiSimilaritySearchInputs.ts,eoiSimilaritySearchInputs.ts,EOISimilaritySearchInputs,,seed_id
src/API/inputs/eoiSimilaritySearchInputs.ts,eoiSimilaritySearchInputs.ts,EOISimilaritySearchInputs,,image
src/API/inputs/eoiStopMonitoringStreamInputs.ts,eoiStopMonitoringStreamInputs.ts,EOIStopMonitoringStreamInputs,constructor,
src/API/inputs/eoiStopMonitoringStreamInputs.ts,eoiStopMonitoringStreamInputs.ts,EOIStopMonitoringStreamInputs,validate,
src/API/inputs/eoiStopMonitoringStreamInputs.ts,eoiStopMonitoringStreamInputs.ts,EOIStopMonitoringStreamInputs,,streamUrl
src/API/inputs/eoiUpdateConfigInputs.ts,eoiUpdateConfigInputs.ts,EOIUpdateConfigInputs,constructor,
src/API/inputs/eoiUpdateConfigInputs.ts,eoiUpdateConfigInputs.ts,EOIUpdateConfigInputs,validate,
src/API/inputs/eoiUpdateConfigInputs.ts,eoiUpdateConfigInputs.ts,EOIUpdateConfigInputs,,body
src/API/inputs/eoiUpdateLiveSearchInputs.ts,eoiUpdateLiveSearchInputs.ts,EOIUpdateLiveSearchInputs,constructor,
src/API/inputs/eoiUpdateLiveSearchInputs.ts,eoiUpdateLiveSearchInputs.ts,EOIUpdateLiveSearchInputs,fromJsonObj,
src/API/inputs/eoiUpdateLiveSearchInputs.ts,eoiUpdateLiveSearchInputs.ts,EOIUpdateLiveSearchInputs,validate,
src/API/inputs/eoiUpdateLiveSearchInputs.ts,eoiUpdateLiveSearchInputs.ts,EOIUpdateLiveSearchInputs,,search_id
src/API/outputs/eoiAddStreamResponse.ts,eoiAddStreamResponse.ts,EOIAddStreamResponse,constructor,
src/API/outputs/eoiBaseOutputs.ts,eoiBaseOutputs.ts,EOIBaseOutputs,constructor,
src/API/outputs/eoiBaseOutputs.ts,eoiBaseOutputs.ts,EOIBaseOutputs,,success
src/API/outputs/eoiBaseOutputs.ts,eoiBaseOutputs.ts,EOIBaseOutputs,,message
src/API/outputs/eoiFacerecPersonDetailsResponse.ts,eoiFacerecPersonDetailsResponse.ts,EOIFacerecGroup,constructor,
src/API/outputs/eoiFacerecPersonDetailsResponse.ts,eoiFacerecPersonDetailsResponse.ts,EOIFacerecGroup,,external_id
src/API/outputs/eoiFacerecPersonDetailsResponse.ts,eoiFacerecPersonDetailsResponse.ts,EOIFacerecGroup,,display_name
src/API/outputs/eoiFacerecPersonDetailsResponse.ts,eoiFacerecPersonDetailsResponse.ts,EOIFacerecImage,constructor,
src/API/outputs/eoiFacerecPersonDetailsResponse.ts,eoiFacerecPersonDetailsResponse.ts,EOIFacerecImage,,path
src/API/outputs/eoiFacerecPersonDetailsResponse.ts,eoiFacerecPersonDetailsResponse.ts,EOIFacerecImage,,image
src/API/outputs/eoiFacerecPersonDetailsResponse.ts,eoiFacerecPersonDetailsResponse.ts,EOIFacerecPersonDetailsResponse,constructor,
src/API/outputs/eoiFacerecPersonDetailsResponse.ts,eoiFacerecPersonDetailsResponse.ts,EOIFacerecPersonDetailsResponse,,person_id
src/API/outputs/eoiFacerecPersonDetailsResponse.ts,eoiFacerecPersonDetailsResponse.ts,EOIFacerecPersonDetailsResponse,,person_name
src/API/outputs/eoiFacerecPersonDetailsResponse.ts,eoiFacerecPersonDetailsResponse.ts,EOIFacerecPersonDetailsResponse,,groups
src/API/outputs/eoiFacerecPersonDetailsResponse.ts,eoiFacerecPersonDetailsResponse.ts,EOIFacerecPersonDetailsResponse,,images
src/API/outputs/eoiGetAllStreamsInfoResponse.ts,eoiGetAllStreamsInfoResponse.ts,EOIGetAllStreamsInfoResponse,constructor,
src/API/outputs/eoiGetAllStreamsInfoResponse.ts,eoiGetAllStreamsInfoResponse.ts,EOIGetAllStreamsInfoResponse,,streams
src/API/outputs/eoiGetFacerecGroupsResponse.ts,eoiGetFacerecGroupsResponse.ts,EOIGetFacerecGroupsResponse,constructor,
src/API/outputs/eoiGetFacerecGroupsResponse.ts,eoiGetFacerecGroupsResponse.ts,EOIGetFacerecGroupsResponse,,groups
src/API/outputs/eoiGetLastDetectionInfoResponse.ts,eoiGetLastDetectionInfoResponse.ts,EOIGetLastDetectionInfoResponse,constructor,
src/API/outputs/eoiGetLastDetectionInfoResponse.ts,eoiGetLastDetectionInfoResponse.ts,EOIGetLastDetectionInfoResponse,,image
src/API/outputs/eoiGetLastDetectionInfoResponse.ts,eoiGetLastDetectionInfoResponse.ts,EOIGetLastDetectionInfoResponse,,detections
src/API/outputs/eoiGetStreamDetailsResponse.ts,eoiGetStreamDetailsResponse.ts,EOIGetStreamDetailsResponse,constructor,
src/API/outputs/eoiGetStreamDetailsResponse.ts,eoiGetStreamDetailsResponse.ts,EOIGetStreamDetailsResponse,,stream
src/API/outputs/eoiGetVideoFrameResponse.ts,eoiGetVideoFrameResponse.ts,EOIGetVideoFrameResponse,constructor,
src/API/outputs/eoiGetVideoFrameResponse.ts,eoiGetVideoFrameResponse.ts,EOIGetVideoFrameResponse,,image
src/API/outputs/eoiLiveSearchResponse.ts,eoiLiveSearchResponse.ts,EOILiveSearchResponse,constructor,
src/API/outputs/eoiLiveSearchResponse.ts,eoiLiveSearchResponse.ts,EOILiveSearchResponse,,search_id
src/API/outputs/eoiMonitorStreamResponse.ts,eoiMonitorStreamResponse.ts,EOIMonitorStreamResponse,constructor,
src/API/outputs/eoiProcessImageResponse.ts,eoiProcessImageResponse.ts,EOIProcessImageResponse,constructor,
src/API/outputs/eoiProcessImageResponse.ts,eoiProcessImageResponse.ts,EOIProcessImageResponse,,detections
src/API/outputs/eoiProcessImageResponse.ts,eoiProcessImageResponse.ts,EOIProcessImageResponse,,image
src/API/outputs/eoiProcessVideosResponse.ts,eoiProcessVideosResponse.ts,EOIProcessVideosResponse,constructor,
src/API/outputs/eoiRemoveFacerecGroupResponse.ts,eoiRemoveFacerecGroupResponse.ts,EOIRemoveFacerecGroupResponse,constructor,
src/API/outputs/eoiRemoveFacerecGroupResponse.ts,eoiRemoveFacerecGroupResponse.ts,EOIRemoveFacerecGroupResponse,,group_id
src/API/outputs/eoiRemoveFacerecGroupResponse.ts,eoiRemoveFacerecGroupResponse.ts,EOIRemoveFacerecGroupResponse,,removed_memberships
src/API/outputs/eoiRemoveStreamResponse.ts,eoiRemoveStreamResponse.ts,EOIRemoveStreamResponse,constructor,
src/API/outputs/eoiSearchFacerecNamesResponse.ts,eoiSearchFacerecNamesResponse.ts,EOISearchFacerecNamesResult,,external_id
src/API/outputs/eoiSearchFacerecNamesResponse.ts,eoiSearchFacerecNamesResponse.ts,EOISearchFacerecNamesResult,,display_name
src/API/outputs/eoiSearchFacerecNamesResponse.ts,eoiSearchFacerecNamesResponse.ts,EOISearchFacerecNamesResponse,constructor,
src/API/outputs/eoiSearchFacerecNamesResponse.ts,eoiSearchFacerecNamesResponse.ts,EOISearchFacerecNamesResponse,,matches
src/API/outputs/eoiSearchResponse.ts,eoiSearchResponse.ts,EOISearchResponse,constructor,
src/API/outputs/eoiSearchResponse.ts,eoiSearchResponse.ts,EOISearchResponse,,results
src/API/outputs/eoiStopMonitoringStreamResponse.ts,eoiStopMonitoringStreamResponse.ts,EOIStopMonitoringStreamResponse,constructor,
src/API/outputs/eoiUpdateConfigResponse.ts,eoiUpdateConfigResponse.ts,EOIUpdateConfigResponse,constructor,
src/API/REST/EOIAxiosRESTHandler.ts,EOIAxiosRESTHandler.ts,EOIAxiosRESTHandler,constructor,
src/API/REST/EOIAxiosRESTHandler.ts,EOIAxiosRESTHandler.ts,EOIAxiosRESTHandler,get,
src/API/REST/EOIAxiosRESTHandler.ts,EOIAxiosRESTHandler.ts,EOIAxiosRESTHandler,post,
src/API/REST/EOIAxiosRESTHandler.ts,EOIAxiosRESTHandler.ts,EOIAxiosRESTHandler,,logger
src/API/REST/EOIAxiosRESTHandler.ts,EOIAxiosRESTHandler.ts,EOIAxiosRESTHandler,,customLogger
src/utils/delayUtil.ts,delayUtil.ts,DelayUtil,abortableDelay,
src/utils/delayUtil.ts,delayUtil.ts,DelayUtil,delay,
src/utils/exceptionUtil.ts,exceptionUtil.ts,ExceptionUtil,isErrorWithMessage,
src/utils/exceptionUtil.ts,exceptionUtil.ts,ExceptionUtil,toErrorWithMessage,
src/utils/exceptionUtil.ts,exceptionUtil.ts,ExceptionUtil,getErrorMessage,
src/utils/exceptionUtil.ts,exceptionUtil.ts,ExceptionUtil,writeExceptionToConsole,
src/utils/exceptionUtil.ts,exceptionUtil.ts,ExceptionUtil,logException,
src/utils/JSONUtil.ts,JSONUtil.ts,JSONUtil,stringifyWithoutCircularLinks,
src/utils/logger.ts,logger.ts,Logger,constructor,
src/utils/logger.ts,logger.ts,Logger,setLogLevel,
src/utils/logger.ts,logger.ts,Logger,debug,
src/utils/logger.ts,logger.ts,Logger,info,
src/utils/logger.ts,logger.ts,Logger,warn,
src/utils/logger.ts,logger.ts,Logger,error,
src/utils/logger.ts,logger.ts,Logger,,loggerInstance
